vertex_count,face_count,curvature_mean,curvature_std,curvature_min,curvature_max
122,244,1.0000000035317027,2.6721319742406105e-08,0.9999999290512963,1.0000000788685859
