vertex_count,face_count,curvature_mean,curvature_std,curvature_min,curvature_max
1179,2398,1.0000000001532572,1.0500348389968951e-08,0.9999999640278443,1.0000000309992472
