vertex_count,face_count,curvature_mean,curvature_std,curvature_min,curvature_max
280,560,1.0000000010024208,2.403888250295081e-08,0.9999999169879371,1.00000006909266
